name,meta,price
Glenfiddich 15 Year Old, 20cl / 40% , £12.95 
Bunnahabhain Stiuireadair, 20cl / 46.3% , £13.95 
Clynelish 14 Year Old, 20cl / 46% , £14.95 
Cragganmore 12 Year Old, 20cl / 40% , £14.95 
Bunnahabhain Toiteach A Dha, 20cl / 46.3% , £16.75 
Bunnahabhain 12 Year Old, 20cl / 46.3% , £16.95 
Kingsbarns Spirit Drink, 20cl / 63.5% , £16.95 
Glenkinchie 12 Year Old, 20cl / 43% , £16.95 
Dalwhinnie 15 Year Old, 20cl / 43% , £17.25 
Talisker 10 Year Old, 20cl / 45.8% , £17.75 
Caol Ila 12 Year Old, 20cl / 43% , £18.45 
Balvenie 12 Year Old, 20cl / 40% , £18.75 
Glen Scotia Double Cask, 20cl / 46% , £18.95 
Loch Lomond 12 Year Old, 20cl / 46% , £18.95 
Glenfarclas 10 Year Old, 20cl / 40% , £18.95 
Edradour 10 Year Old, 20cl / 40% , £18.95 
Glengoyne 10 Year Old, 20cl / 40% , £19.75 
Oban 14 Year Old, 20cl / 43% , £19.95 
Tomatin 12 Year Old, 20cl / 43% , £19.95 
Glenfarclas 12 Year Old, 20cl / 43% , £19.95 
Lagg Heavily Peated New Make Spirit, 20cl / 63.5% , £20.45 
Glen Scotia Double Cask, 20cl / 46% , £20.95 
Loch Lomond 12 Year Old, 20cl / 46% , £20.95 
Kilchoman Machir Bay, 20cl / 46% , £21.95 
Crabbies Yardhead Single Malt, 70cl / 40% , £22.95 
Glen Moray Classic, 70cl / 40% , £23.25 
Glenfiddich 12 Year Old, 35cl / 40% , £23.95 
Glenfarclas 105°, 20cl / 60% , £24.95 
Auchentoshan American Oak, 70cl / 40% , £24.95 
Speyburn Bradan Orach, 70cl / 40% , £25.25 
Jura Journey, 70cl / 40% , £25.45 
Loch Lomond Original, 70cl / 40% , £25.95 
Glen Moray Cabernet Cask Finish, 70cl / 40% , £26.95 
Glen Moray Sherry Cask Finish, 70cl / 40% , £26.95 
Glen Moray Peated, 70cl / 40% , £26.95 
Glen Moray Port Cask Finish, 70cl / 40% , £26.95 
Kilchoman Sanaig, 20cl / 46% , £27.25 
Ileach Peaty, 70cl / 40% , £28.95 
Ardmore Legacy, 70cl / 40% , £28.95 
Tomintoul Tlath, 70cl / 40% , £29.25 
Glen Keith Distillery Edition, 70cl / 40% , £29.95 
Glen Moray Port Cask Finish, 70cl / 40% , £29.95 
Glen Moray Classic, 70cl / 40% , £29.95 
Glen Moray Peated, 70cl / 40% , £29.95 
Glencadam Origin 1825, 70cl / 40% , £29.95 
Speyburn 10 Year Old, 70cl / 40% , £30.45 
Glenmorangie X, 70cl / 40% , £30.95 
Loch Lomond 18 Year Old, 20cl / 46% , £30.95 
Jura 10 Year Old, 70cl / 40% , £30.95 
Tomatin Legacy, 70cl / 43% , £31.45 
AnCnoc 12 Year Old, 70cl / 40% , £31.45 
Finlaggan Original, 70cl / 40% , £31.95 
Tomintoul 16 Year Old, 35cl / 40% , £31.95 
Old Pulteney 12 Year Old, 70cl / 40% , £32.45 
John Crabbie 12 Year Old, 70cl / 40% , £32.75 
Tomintoul Peaty Tang, 70cl / 40% , £32.95 
Tamnavulin Double Cask, 70cl / 40% , £32.95 
Cask Islay, 70cl / 46% , £32.95 
Stronachie 10 Year Old, 70cl / 43% , £32.95 
Arran Robert Burns Single Malt, 70cl / 43% , £33.25 
Highland Park 12 Year Old, 70cl / 40% , £33.45 
Tomintoul 10 Year Old, 70cl / 40% , £33.45 
Laphroaig Select, 70cl / 40% , £33.45 
Glen Grant 10 Year Old, 70cl / 40% , £33.45 
Tamnavulin German Pinot Noir Cask, 70cl / 40% , £33.75 
Tamnavulin French Cabernet Sauvignon Cask, 70cl / 40% , £33.75 
Tamnavulin Sherry Edition, 70cl / 40% , £33.75 
Arran Barrel Reserve, 70cl / 43% , £33.95 
Glenallachie Distillery Edition, 70cl / 40% , £33.95 
Glenlivet Founder's Reserve, 70cl / 40% , £33.95 
Ledaig Rioja Cask Finish, 70cl / 46.3% , £34.45 
Tomintoul Seiridh, 70cl / 40% , £34.45 
Glen Moray Fired Oak 10 Year Old, 70cl / 40% , £34.75 
River Rock Single Malt, 70cl / 40% , £34.95 
Jura 12 Year Old, 70cl / 40% , £34.95 
Finlaggan Old Reserve, 70cl / 40% , £34.95 
Deanston Virgin Oak, 70cl / 46.3% , £35.25 
Glenlivet Caribbean Reserve, 70cl / 40% , £35.95 
Bowmore 12 Year Old, 70cl / 40% , £35.95 
Cask Speyside 10 Year Old, 70cl / 46% , £35.95 
Glenfiddich 12 Year Old, 70cl / 40% , £35.95 
Glenfarclas 10 Year Old, 70cl / 40% , £35.95 
Glenmorangie 10 Year Old Original, 70cl / 40% , £36.95 
Highland Harvest Organic Single Malt, 70cl / 46% , £36.95 
Glen Moray 12 Year Old, 70cl / 40% , £36.95 
Cardhu Gold Reserve, 70cl / 40% , £36.95 
Benromach 10 Year Old, 70cl / 43% , £36.95 
Smokehead, 70cl / 43% , £37.45 
Glenfarclas Heritage, 70cl / 40% , £37.95 
Benriach The Original Ten, 70cl / 43% , £37.95 
Ardbeg Wee Beastie, 70cl / 47.4% , £37.95 
Aerolite Lyndsay 10 Year Old, 70cl / 46% , £37.95 
Glenlivet 12 Year Old, 70cl / 40% , £37.95 
Glengoyne 10 Year Old, 70cl / 40% , £37.95 
Glen Garioch Founder's Reserve, 70cl / 48% , £37.95 
Bunnahabhain Stiuireadair, 70cl / 46.3% , £38.45 
Arran 10 Year Old, 70cl / 46% , £38.75 
Glenfarclas 8 Year Old, 70cl / 40% , £38.95 
Jura Red Wine Cask Edition, 70cl / 40% , £38.95 
Jura Rum Cask, 70cl / 40% , £38.95 
name,meta,price
Glenfiddich 15 Year Old, 20cl / 40% , £12.95 
Bunnahabhain Stiuireadair, 20cl / 46.3% , £13.95 
Clynelish 14 Year Old, 20cl / 46% , £14.95 
Cragganmore 12 Year Old, 20cl / 40% , £14.95 
Bunnahabhain Toiteach A Dha, 20cl / 46.3% , £16.75 
Bunnahabhain 12 Year Old, 20cl / 46.3% , £16.95 
Kingsbarns Spirit Drink, 20cl / 63.5% , £16.95 
Glenkinchie 12 Year Old, 20cl / 43% , £16.95 
Dalwhinnie 15 Year Old, 20cl / 43% , £17.25 
Talisker 10 Year Old, 20cl / 45.8% , £17.75 
Caol Ila 12 Year Old, 20cl / 43% , £18.45 
Balvenie 12 Year Old, 20cl / 40% , £18.75 
Glen Scotia Double Cask, 20cl / 46% , £18.95 
Loch Lomond 12 Year Old, 20cl / 46% , £18.95 
Glenfarclas 10 Year Old, 20cl / 40% , £18.95 
Edradour 10 Year Old, 20cl / 40% , £18.95 
Glengoyne 10 Year Old, 20cl / 40% , £19.75 
Oban 14 Year Old, 20cl / 43% , £19.95 
Tomatin 12 Year Old, 20cl / 43% , £19.95 
Glenfarclas 12 Year Old, 20cl / 43% , £19.95 
Lagg Heavily Peated New Make Spirit, 20cl / 63.5% , £20.45 
Glen Scotia Double Cask, 20cl / 46% , £20.95 
Loch Lomond 12 Year Old, 20cl / 46% , £20.95 
Kilchoman Machir Bay, 20cl / 46% , £21.95 
Crabbies Yardhead Single Malt, 70cl / 40% , £22.95 
Glen Moray Classic, 70cl / 40% , £23.25 
Glenfiddich 12 Year Old, 35cl / 40% , £23.95 
Glenfarclas 105°, 20cl / 60% , £24.95 
Auchentoshan American Oak, 70cl / 40% , £24.95 
Speyburn Bradan Orach, 70cl / 40% , £25.25 
Jura Journey, 70cl / 40% , £25.45 
Loch Lomond Original, 70cl / 40% , £25.95 
Glen Moray Cabernet Cask Finish, 70cl / 40% , £26.95 
Glen Moray Sherry Cask Finish, 70cl / 40% , £26.95 
Glen Moray Peated, 70cl / 40% , £26.95 
Glen Moray Port Cask Finish, 70cl / 40% , £26.95 
Kilchoman Sanaig, 20cl / 46% , £27.25 
Ileach Peaty, 70cl / 40% , £28.95 
Ardmore Legacy, 70cl / 40% , £28.95 
Tomintoul Tlath, 70cl / 40% , £29.25 
Glen Keith Distillery Edition, 70cl / 40% , £29.95 
Glen Moray Port Cask Finish, 70cl / 40% , £29.95 
Glen Moray Classic, 70cl / 40% , £29.95 
Glen Moray Peated, 70cl / 40% , £29.95 
Glencadam Origin 1825, 70cl / 40% , £29.95 
Speyburn 10 Year Old, 70cl / 40% , £30.45 
Glenmorangie X, 70cl / 40% , £30.95 
Loch Lomond 18 Year Old, 20cl / 46% , £30.95 
Jura 10 Year Old, 70cl / 40% , £30.95 
Tomatin Legacy, 70cl / 43% , £31.45 
AnCnoc 12 Year Old, 70cl / 40% , £31.45 
Finlaggan Original, 70cl / 40% , £31.95 
Tomintoul 16 Year Old, 35cl / 40% , £31.95 
Old Pulteney 12 Year Old, 70cl / 40% , £32.45 
John Crabbie 12 Year Old, 70cl / 40% , £32.75 
Tomintoul Peaty Tang, 70cl / 40% , £32.95 
Tamnavulin Double Cask, 70cl / 40% , £32.95 
Cask Islay, 70cl / 46% , £32.95 
Stronachie 10 Year Old, 70cl / 43% , £32.95 
Arran Robert Burns Single Malt, 70cl / 43% , £33.25 
Highland Park 12 Year Old, 70cl / 40% , £33.45 
Tomintoul 10 Year Old, 70cl / 40% , £33.45 
Laphroaig Select, 70cl / 40% , £33.45 
Glen Grant 10 Year Old, 70cl / 40% , £33.45 
Tamnavulin German Pinot Noir Cask, 70cl / 40% , £33.75 
Tamnavulin French Cabernet Sauvignon Cask, 70cl / 40% , £33.75 
Tamnavulin Sherry Edition, 70cl / 40% , £33.75 
Arran Barrel Reserve, 70cl / 43% , £33.95 
Glenallachie Distillery Edition, 70cl / 40% , £33.95 
Glenlivet Founder's Reserve, 70cl / 40% , £33.95 
Ledaig Rioja Cask Finish, 70cl / 46.3% , £34.45 
Tomintoul Seiridh, 70cl / 40% , £34.45 
Glen Moray Fired Oak 10 Year Old, 70cl / 40% , £34.75 
River Rock Single Malt, 70cl / 40% , £34.95 
Jura 12 Year Old, 70cl / 40% , £34.95 
Finlaggan Old Reserve, 70cl / 40% , £34.95 
Deanston Virgin Oak, 70cl / 46.3% , £35.25 
Glenlivet Caribbean Reserve, 70cl / 40% , £35.95 
Bowmore 12 Year Old, 70cl / 40% , £35.95 
Cask Speyside 10 Year Old, 70cl / 46% , £35.95 
Glenfiddich 12 Year Old, 70cl / 40% , £35.95 
Glenfarclas 10 Year Old, 70cl / 40% , £35.95 
Glenmorangie 10 Year Old Original, 70cl / 40% , £36.95 
Highland Harvest Organic Single Malt, 70cl / 46% , £36.95 
Glen Moray 12 Year Old, 70cl / 40% , £36.95 
Cardhu Gold Reserve, 70cl / 40% , £36.95 
Benromach 10 Year Old, 70cl / 43% , £36.95 
Smokehead, 70cl / 43% , £37.45 
Glenfarclas Heritage, 70cl / 40% , £37.95 
Benriach The Original Ten, 70cl / 43% , £37.95 
Ardbeg Wee Beastie, 70cl / 47.4% , £37.95 
Aerolite Lyndsay 10 Year Old, 70cl / 46% , £37.95 
Glenlivet 12 Year Old, 70cl / 40% , £37.95 
Glengoyne 10 Year Old, 70cl / 40% , £37.95 
Glen Garioch Founder's Reserve, 70cl / 48% , £37.95 
Bunnahabhain Stiuireadair, 70cl / 46.3% , £38.45 
Arran 10 Year Old, 70cl / 46% , £38.75 
Glenfarclas 8 Year Old, 70cl / 40% , £38.95 
Jura Red Wine Cask Edition, 70cl / 40% , £38.95 
Jura Rum Cask, 70cl / 40% , £38.95 
name,meta,price
Glenfiddich 15 Year Old, 20cl / 40% , £12.95 
Bunnahabhain Stiuireadair, 20cl / 46.3% , £13.95 
Clynelish 14 Year Old, 20cl / 46% , £14.95 
Cragganmore 12 Year Old, 20cl / 40% , £14.95 
Bunnahabhain Toiteach A Dha, 20cl / 46.3% , £16.75 
Bunnahabhain 12 Year Old, 20cl / 46.3% , £16.95 
Kingsbarns Spirit Drink, 20cl / 63.5% , £16.95 
Glenkinchie 12 Year Old, 20cl / 43% , £16.95 
Dalwhinnie 15 Year Old, 20cl / 43% , £17.25 
Talisker 10 Year Old, 20cl / 45.8% , £17.75 
Caol Ila 12 Year Old, 20cl / 43% , £18.45 
Balvenie 12 Year Old, 20cl / 40% , £18.75 
Glen Scotia Double Cask, 20cl / 46% , £18.95 
Loch Lomond 12 Year Old, 20cl / 46% , £18.95 
Glenfarclas 10 Year Old, 20cl / 40% , £18.95 
Edradour 10 Year Old, 20cl / 40% , £18.95 
Glengoyne 10 Year Old, 20cl / 40% , £19.75 
Oban 14 Year Old, 20cl / 43% , £19.95 
Tomatin 12 Year Old, 20cl / 43% , £19.95 
Glenfarclas 12 Year Old, 20cl / 43% , £19.95 
Lagg Heavily Peated New Make Spirit, 20cl / 63.5% , £20.45 
Glen Scotia Double Cask, 20cl / 46% , £20.95 
Loch Lomond 12 Year Old, 20cl / 46% , £20.95 
Kilchoman Machir Bay, 20cl / 46% , £21.95 
Crabbies Yardhead Single Malt, 70cl / 40% , £22.95 
Glen Moray Classic, 70cl / 40% , £23.25 
Glenfiddich 12 Year Old, 35cl / 40% , £23.95 
Glenfarclas 105°, 20cl / 60% , £24.95 
Auchentoshan American Oak, 70cl / 40% , £24.95 
Speyburn Bradan Orach, 70cl / 40% , £25.25 
Jura Journey, 70cl / 40% , £25.45 
Loch Lomond Original, 70cl / 40% , £25.95 
Glen Moray Cabernet Cask Finish, 70cl / 40% , £26.95 
Glen Moray Sherry Cask Finish, 70cl / 40% , £26.95 
Glen Moray Peated, 70cl / 40% , £26.95 
Glen Moray Port Cask Finish, 70cl / 40% , £26.95 
Kilchoman Sanaig, 20cl / 46% , £27.25 
Ileach Peaty, 70cl / 40% , £28.95 
Ardmore Legacy, 70cl / 40% , £28.95 
Tomintoul Tlath, 70cl / 40% , £29.25 
Glen Keith Distillery Edition, 70cl / 40% , £29.95 
Glen Moray Port Cask Finish, 70cl / 40% , £29.95 
Glen Moray Classic, 70cl / 40% , £29.95 
Glen Moray Peated, 70cl / 40% , £29.95 
Glencadam Origin 1825, 70cl / 40% , £29.95 
Speyburn 10 Year Old, 70cl / 40% , £30.45 
Glenmorangie X, 70cl / 40% , £30.95 
Loch Lomond 18 Year Old, 20cl / 46% , £30.95 
Jura 10 Year Old, 70cl / 40% , £30.95 
Tomatin Legacy, 70cl / 43% , £31.45 
AnCnoc 12 Year Old, 70cl / 40% , £31.45 
Finlaggan Original, 70cl / 40% , £31.95 
Tomintoul 16 Year Old, 35cl / 40% , £31.95 
Old Pulteney 12 Year Old, 70cl / 40% , £32.45 
John Crabbie 12 Year Old, 70cl / 40% , £32.75 
Tomintoul Peaty Tang, 70cl / 40% , £32.95 
Tamnavulin Double Cask, 70cl / 40% , £32.95 
Cask Islay, 70cl / 46% , £32.95 
Stronachie 10 Year Old, 70cl / 43% , £32.95 
Arran Robert Burns Single Malt, 70cl / 43% , £33.25 
Highland Park 12 Year Old, 70cl / 40% , £33.45 
Tomintoul 10 Year Old, 70cl / 40% , £33.45 
Laphroaig Select, 70cl / 40% , £33.45 
Glen Grant 10 Year Old, 70cl / 40% , £33.45 
Tamnavulin German Pinot Noir Cask, 70cl / 40% , £33.75 
Tamnavulin French Cabernet Sauvignon Cask, 70cl / 40% , £33.75 
Tamnavulin Sherry Edition, 70cl / 40% , £33.75 
Arran Barrel Reserve, 70cl / 43% , £33.95 
Glenallachie Distillery Edition, 70cl / 40% , £33.95 
Glenlivet Founder's Reserve, 70cl / 40% , £33.95 
Ledaig Rioja Cask Finish, 70cl / 46.3% , £34.45 
Tomintoul Seiridh, 70cl / 40% , £34.45 
Glen Moray Fired Oak 10 Year Old, 70cl / 40% , £34.75 
River Rock Single Malt, 70cl / 40% , £34.95 
Jura 12 Year Old, 70cl / 40% , £34.95 
Finlaggan Old Reserve, 70cl / 40% , £34.95 
Deanston Virgin Oak, 70cl / 46.3% , £35.25 
Glenlivet Caribbean Reserve, 70cl / 40% , £35.95 
Bowmore 12 Year Old, 70cl / 40% , £35.95 
Cask Speyside 10 Year Old, 70cl / 46% , £35.95 
Glenfiddich 12 Year Old, 70cl / 40% , £35.95 
Glenfarclas 10 Year Old, 70cl / 40% , £35.95 
Glenmorangie 10 Year Old Original, 70cl / 40% , £36.95 
Highland Harvest Organic Single Malt, 70cl / 46% , £36.95 
Glen Moray 12 Year Old, 70cl / 40% , £36.95 
Cardhu Gold Reserve, 70cl / 40% , £36.95 
Benromach 10 Year Old, 70cl / 43% , £36.95 
Smokehead, 70cl / 43% , £37.45 
Glenfarclas Heritage, 70cl / 40% , £37.95 
Benriach The Original Ten, 70cl / 43% , £37.95 
Ardbeg Wee Beastie, 70cl / 47.4% , £37.95 
Aerolite Lyndsay 10 Year Old, 70cl / 46% , £37.95 
Glenlivet 12 Year Old, 70cl / 40% , £37.95 
Glengoyne 10 Year Old, 70cl / 40% , £37.95 
Glen Garioch Founder's Reserve, 70cl / 48% , £37.95 
Bunnahabhain Stiuireadair, 70cl / 46.3% , £38.45 
Arran 10 Year Old, 70cl / 46% , £38.75 
Glenfarclas 8 Year Old, 70cl / 40% , £38.95 
Jura Red Wine Cask Edition, 70cl / 40% , £38.95 
Jura Rum Cask, 70cl / 40% , £38.95 
name,meta,price
Glenfiddich 15 Year Old, 20cl / 40% , £12.95 
Bunnahabhain Stiuireadair, 20cl / 46.3% , £13.95 
Clynelish 14 Year Old, 20cl / 46% , £14.95 
Cragganmore 12 Year Old, 20cl / 40% , £14.95 
Bunnahabhain Toiteach A Dha, 20cl / 46.3% , £16.75 
Bunnahabhain 12 Year Old, 20cl / 46.3% , £16.95 
Kingsbarns Spirit Drink, 20cl / 63.5% , £16.95 
Glenkinchie 12 Year Old, 20cl / 43% , £16.95 
Dalwhinnie 15 Year Old, 20cl / 43% , £17.25 
Talisker 10 Year Old, 20cl / 45.8% , £17.75 
Caol Ila 12 Year Old, 20cl / 43% , £18.45 
Balvenie 12 Year Old, 20cl / 40% , £18.75 
Glen Scotia Double Cask, 20cl / 46% , £18.95 
Loch Lomond 12 Year Old, 20cl / 46% , £18.95 
Glenfarclas 10 Year Old, 20cl / 40% , £18.95 
Edradour 10 Year Old, 20cl / 40% , £18.95 
Glengoyne 10 Year Old, 20cl / 40% , £19.75 
Oban 14 Year Old, 20cl / 43% , £19.95 
Tomatin 12 Year Old, 20cl / 43% , £19.95 
Glenfarclas 12 Year Old, 20cl / 43% , £19.95 
Lagg Heavily Peated New Make Spirit, 20cl / 63.5% , £20.45 
Glen Scotia Double Cask, 20cl / 46% , £20.95 
Loch Lomond 12 Year Old, 20cl / 46% , £20.95 
Kilchoman Machir Bay, 20cl / 46% , £21.95 
Crabbies Yardhead Single Malt, 70cl / 40% , £22.95 
Glen Moray Classic, 70cl / 40% , £23.25 
Glenfiddich 12 Year Old, 35cl / 40% , £23.95 
Glenfarclas 105°, 20cl / 60% , £24.95 
Auchentoshan American Oak, 70cl / 40% , £24.95 
Speyburn Bradan Orach, 70cl / 40% , £25.25 
Jura Journey, 70cl / 40% , £25.45 
Loch Lomond Original, 70cl / 40% , £25.95 
Glen Moray Cabernet Cask Finish, 70cl / 40% , £26.95 
Glen Moray Sherry Cask Finish, 70cl / 40% , £26.95 
Glen Moray Peated, 70cl / 40% , £26.95 
Glen Moray Port Cask Finish, 70cl / 40% , £26.95 
Kilchoman Sanaig, 20cl / 46% , £27.25 
Ileach Peaty, 70cl / 40% , £28.95 
Ardmore Legacy, 70cl / 40% , £28.95 
Tomintoul Tlath, 70cl / 40% , £29.25 
Glen Keith Distillery Edition, 70cl / 40% , £29.95 
Glen Moray Port Cask Finish, 70cl / 40% , £29.95 
Glen Moray Classic, 70cl / 40% , £29.95 
Glen Moray Peated, 70cl / 40% , £29.95 
Glencadam Origin 1825, 70cl / 40% , £29.95 
Speyburn 10 Year Old, 70cl / 40% , £30.45 
Glenmorangie X, 70cl / 40% , £30.95 
Loch Lomond 18 Year Old, 20cl / 46% , £30.95 
Jura 10 Year Old, 70cl / 40% , £30.95 
Tomatin Legacy, 70cl / 43% , £31.45 
AnCnoc 12 Year Old, 70cl / 40% , £31.45 
Finlaggan Original, 70cl / 40% , £31.95 
Tomintoul 16 Year Old, 35cl / 40% , £31.95 
Old Pulteney 12 Year Old, 70cl / 40% , £32.45 
John Crabbie 12 Year Old, 70cl / 40% , £32.75 
Tomintoul Peaty Tang, 70cl / 40% , £32.95 
Tamnavulin Double Cask, 70cl / 40% , £32.95 
Cask Islay, 70cl / 46% , £32.95 
Stronachie 10 Year Old, 70cl / 43% , £32.95 
Arran Robert Burns Single Malt, 70cl / 43% , £33.25 
Highland Park 12 Year Old, 70cl / 40% , £33.45 
Tomintoul 10 Year Old, 70cl / 40% , £33.45 
Laphroaig Select, 70cl / 40% , £33.45 
Glen Grant 10 Year Old, 70cl / 40% , £33.45 
Tamnavulin German Pinot Noir Cask, 70cl / 40% , £33.75 
Tamnavulin French Cabernet Sauvignon Cask, 70cl / 40% , £33.75 
Tamnavulin Sherry Edition, 70cl / 40% , £33.75 
Arran Barrel Reserve, 70cl / 43% , £33.95 
Glenallachie Distillery Edition, 70cl / 40% , £33.95 
Glenlivet Founder's Reserve, 70cl / 40% , £33.95 
Ledaig Rioja Cask Finish, 70cl / 46.3% , £34.45 
Tomintoul Seiridh, 70cl / 40% , £34.45 
Glen Moray Fired Oak 10 Year Old, 70cl / 40% , £34.75 
River Rock Single Malt, 70cl / 40% , £34.95 
Jura 12 Year Old, 70cl / 40% , £34.95 
Finlaggan Old Reserve, 70cl / 40% , £34.95 
Deanston Virgin Oak, 70cl / 46.3% , £35.25 
Glenlivet Caribbean Reserve, 70cl / 40% , £35.95 
Bowmore 12 Year Old, 70cl / 40% , £35.95 
Cask Speyside 10 Year Old, 70cl / 46% , £35.95 
Glenfiddich 12 Year Old, 70cl / 40% , £35.95 
Glenfarclas 10 Year Old, 70cl / 40% , £35.95 
Glenmorangie 10 Year Old Original, 70cl / 40% , £36.95 
Highland Harvest Organic Single Malt, 70cl / 46% , £36.95 
Glen Moray 12 Year Old, 70cl / 40% , £36.95 
Cardhu Gold Reserve, 70cl / 40% , £36.95 
Benromach 10 Year Old, 70cl / 43% , £36.95 
Smokehead, 70cl / 43% , £37.45 
Glenfarclas Heritage, 70cl / 40% , £37.95 
Benriach The Original Ten, 70cl / 43% , £37.95 
Ardbeg Wee Beastie, 70cl / 47.4% , £37.95 
Aerolite Lyndsay 10 Year Old, 70cl / 46% , £37.95 
Glenlivet 12 Year Old, 70cl / 40% , £37.95 
Glengoyne 10 Year Old, 70cl / 40% , £37.95 
Glen Garioch Founder's Reserve, 70cl / 48% , £37.95 
Bunnahabhain Stiuireadair, 70cl / 46.3% , £38.45 
Arran 10 Year Old, 70cl / 46% , £38.75 
Glenfarclas 8 Year Old, 70cl / 40% , £38.95 
Jura Red Wine Cask Edition, 70cl / 40% , £38.95 
Jura Rum Cask, 70cl / 40% , £38.95 
